{"cameraMode":{"drawMode":0,"name":"Shaded","section":"Shading Mode"},"sceneLighting":true,"audioPlay":false,"sceneViewState":{"showFog":true,"showMaterialUpdate":false,"showSkybox":true,"showFlares":true,"showImageEffects":true,"showParticleSystems":true},"in2DMode":false,"pivot":{"x":0.42788365483283999,"y":0.9984008073806763,"z":-0.5021026730537415},"rotation":{"x":0.27316203713417055,"y":0.5864054560661316,"z":-0.21931679546833039,"w":0.7303662300109863},"size":0.25018537044525149,"orthographic":false}