{"cameraMode":{"drawMode":0,"name":"Shaded","section":"Shading Mode"},"sceneLighting":true,"audioPlay":false,"sceneViewState":{"showFog":true,"showMaterialUpdate":false,"showSkybox":true,"showFlares":true,"showImageEffects":true,"showParticleSystems":true},"in2DMode":false,"pivot":{"x":-0.24450010061264039,"y":0.3432154655456543,"z":0.7912867069244385},"rotation":{"x":0.2599553167819977,"y":-0.1703556627035141,"z":0.04687000811100006,"w":0.9493914842605591},"size":1.098038911819458,"orthographic":false}